id_tuit,texto_original,texto_procesado,etiqueta_tono,etiqueta_intencion
1995451351237570757,"RT @Colibr76018428: El levantamiento armado del 30 de noviembre de 1956, en Santiago de Cuba, demostrÃ³ la fortaleza y el prestigio del M 26â€¦","RT : El levantamiento armado del 30 de noviembre de 1956, en Santiago de Cuba, demostrÃ³ la fortaleza y el prestigio del M 26â€¦",Positivo,Elogio
1995451345638203487,RT @Torren__: MbappÃ© llamando hijo de puta al portero del Girona despuÃ©s de marcar su penaltito. Llegan al Madrid y se convierten en escoriâ€¦,RT : MbappÃ© llamando hijo de puta al portero del Girona despuÃ©s de marcar su penaltito. Llegan al Madrid y se convierten en escoriâ€¦",Negativo,CrÃ­tica_Destructiva
1995451336716898465,RT @DraegertYa89439: Que vergÃ¼enza mÃ¡s grande ğŸ˜‚ @dcabellor  pena ajena  comando borracho ğŸ˜‚ğŸ˜‚ğŸ¤­ https://t.co/ViMkSKMmc0,RT : Que vergÃ¼enza mÃ¡s grande ğŸ˜‚ pena ajena comando borracho ğŸ˜‚ğŸ˜‚ğŸ¤­",Negativo,CrÃ­tica_Destructiva
1995451325669064991,"@Diegoorocarbon Cerra el orto mongolico, vergÃ¼enza das vos","Cerra el orto mongolico, vergÃ¼enza das vos",Negativo,CrÃ­tica_Destructiva
1995451317347631196,"RT @CarlaAntonelli: Que poca vergÃ¼enza, Almeida tambiÃ©n ha vetado a Nacho Duato para el Matadero y que no le da fecha hasta â€œa lo mejorâ€ elâ€¦","RT : Que poca vergÃ¼enza, Almeida tambiÃ©n ha vetado a Nacho Duato para el Matadero y que no le da fecha hasta â€œa lo mejorâ€ elâ€¦",Negativo,CrÃ­tica_Destructiva
1995451312750608725,"RT @JorgeTaiana: Hago mÃ­as las palabras del Presidente Petro de Colombia . Es una vergÃ¼enza el silencio, la pasividad o el directo acompaÃ±aâ€¦","RT : Hago mÃ­as las palabras del Presidente Petro de Colombia . Es una vergÃ¼enza el silencio, la pasividad o el directo acompaÃ±aâ€¦",Negativo,CrÃ­tica_Destructiva
1995451300088000526,@futurofm Una vergÃ¼enza.  DejarÃ­an visto que el @pdg de @ParisiPDG siempre fue facho.,Una vergÃ¼enza. DejarÃ­an visto que el de siempre fue facho.",Negativo,CrÃ­tica_Destructiva
1995451297802199151,"RT @davereto: nono LA vergÃ¼enza ajena que me causo ver todos estos videos, la importancia de abrazar a sus hijos de chiquitos","RT : nono LA vergÃ¼enza ajena que me causo ver todos estos videos, la importancia de abrazar a sus hijos de chiquitos",Neutral,Sentimiento
1995451285475086361,"RT @GustavoRocaGOL: ğŸ—³ï¸âŒ Â¡QUÃ‰ VERGÃœENZA! 

Estos traidores a la patria MERECEN CÃRCEL. AsÃ­ debe ser. Mano dura contra los corruptos en mesa.â€¦",RT : ğŸ—³ï¸âŒ Â¡QUÃ‰ VERGÃœENZA! Estos traidores a la patria MERECEN CÃRCEL. AsÃ­ debe ser. Mano dura contra los corruptos en mesa.â€¦",Negativo,CrÃ­tica_Destructiva
1995451271881409000,@elarcondeclio Pero pciaBA ya institucionalizÃ³ el UPD y mandaron circulares sobre cÃ³mo incorporarlo a la rutina escolar. De locos!!!!!,Pero pciaBA ya institucionalizÃ³ el UPD y mandaron circulares sobre cÃ³mo incorporarlo a la rutina escolar. De locos!!!!!",Neutral,Reporte
1995451269880668388,RT @rafetavlc: QuÃ© vergÃ¼enza!!! Se rÃ­en en su puta cara. https://t.co/SlHo9KZJqG,RT : QuÃ© vergÃ¼enza!!! Se rÃ­en en su puta cara.",Negativo,CrÃ­tica_Destructiva
1995451262553243909,"RT @_arielmayo: ""En la ONU hicieron un acto para prohibir la tortura. Estados Unidos, ARGENTINA e Israel dijeron: esteeeeee, perdÃ³n pero SÃâ€¦","RT : ""En la ONU hicieron un acto para prohibir la tortura. Estados Unidos, ARGENTINA e Israel dijeron: esteeeeee, perdÃ³n pero SÃâ€¦",Negativo,CrÃ­tica_Destructiva
1995451254416318867,"@vidalcvale Y tu viajaste a China con nuestro dinero, VergÃ¼enza te deberÃ­a dar. https://t.co/8KreRK4DeW","Y tu viajaste a China con nuestro dinero, VergÃ¼enza te deberÃ­a dar.",Negativo,CrÃ­tica_Destructiva
1995451254336622627,"@medellinrbb Porque lo dices tÃº , jajajajajajajaja si hubiera vergÃ¼enza en esta ciudad hacÃ­a muchos aÃ±os que no se hablaba de fÃºtbol. Pero en el barrio de la alegrÃ­a no conocÃ©is la vergÃ¼enza","Porque lo dices tÃº , jajajajajajajaja si hubiera vergÃ¼enza en esta ciudad hacÃ­a muchos aÃ±os que no se hablaba de fÃºtbol. Pero en el barrio de la alegrÃ­a no conocÃ©is la vergÃ¼enza",Negativo,CrÃ­tica_Destructiva
1995451250205196424,"RT @Doct_Tricornio: ğŸ”´A la izquierda, el â€œterrible y brutalâ€ acoso que sufriÃ³ una periodista de TVE en Ferraz por unos ultras de extrema derâ€¦","RT : ğŸ”´A la izquierda, el â€œterrible y brutalâ€ acoso que sufriÃ³ una periodista de TVE en Ferraz por unos ultras de extrema derâ€¦",Neutral,Reporte
1995451247906677063,RT @luislarrainlyd: Gajardo es el poder legislativo ahora? Y lo dice la radio de la Universidad de Chile! Que vergÃ¼enza que el partido comuâ€¦,RT : Gajardo es el poder legislativo ahora? Y lo dice la radio de la Universidad de Chile! Que vergÃ¼enza que el partido comuâ€¦",Negativo,CrÃ­tica_Destructiva
1995451244962259021,@felixbolanosg @PSOEAltoaragon El payaso es que no tiene vergÃ¼enza. Es un vividor de lo ajeno https://t.co/DajAy7hMbo,El payaso es que no tiene vergÃ¼enza. Es un vividor de lo ajeno",Negativo,CrÃ­tica_Destructiva
1995451240918942057,"RT @Doct_Tricornio: ğŸ”´A la izquierda, el â€œterrible y brutalâ€ acoso que sufriÃ³ una periodista de TVE en Ferraz por unos ultras de extrema derâ€¦","RT : ğŸ”´A la izquierda, el â€œterrible y brutalâ€ acoso que sufriÃ³ una periodista de TVE en Ferraz por unos ultras de extrema derâ€¦",Neutral,Reporte
1995451230986859007,"RT @InesBetancur1: Al jetipodrido de IvÃ¡n Cepeda no le da vergÃ¼enza decir de frente, que apoya la narcodictadura de Maduro, pues Ã©l es otroâ€¦","RT : Al jetipodrido de IvÃ¡n Cepeda no le da vergÃ¼enza decir de frente, que apoya la narcodictadura de Maduro, pues Ã©l es otroâ€¦",Negativo,CrÃ­tica_Destructiva
1995451230424900050,"RT @jmlopezzafra: Este es @ristomejide. Estamos pendientes de que pida perdÃ³n a Ketty y a toda su audiencia. A ver si es capaz, o es tan siâ€¦","RT : Este es . Estamos pendientes de que pida perdÃ³n a Ketty y a toda su audiencia. A ver si es capaz, o es tan siâ€¦",Negativo,CrÃ­tica_Destructiva
1995451225538453623,"RT @ADRI_MADRID1902: Que vergÃ¼enza poner bandera de EspaÃ±a con luces de navidad en la capital de EspaÃ±a, mejor el trapo de arcoiris o la baâ€¦","RT : Que vergÃ¼enza poner bandera de EspaÃ±a con luces de navidad en la capital de EspaÃ±a, mejor el trapo de arcoiris o la baâ€¦",Negativo,CrÃ­tica_Destructiva
1995451213135925308,"RT @Doct_Tricornio: ğŸ”´ Produce el mismo asco, arcadas, mala hostia, vergÃ¼enza y ganas de que le ocurra lo que no se puede decir escuchÃ¡ndoloâ€¦","RT : ğŸ”´ Produce el mismo asco, arcadas, mala hostia, vergÃ¼enza y ganas de que le ocurra lo que no se puede decir escuchÃ¡ndoloâ€¦",Negativo,CrÃ­tica_Destructiva
1995451210728460580,"RT @LuisEst17468144: Esto es un horror, otra muerte que @OrsiYamandu y @CNegro7 cargan sobre sus hombros. Cada dÃ­a sea mÃ¡s pesada la condenâ€¦","RT : Esto es un horror, otra muerte que y cargan sobre sus hombros. Cada dÃ­a sea mÃ¡s pesada la condenâ€¦",Negativo,CrÃ­tica_Destructiva
1995451201555439688,@CodigoMagentaMx @lopezobrador_ @Claudiashein @ramonalberto AMLO no suelta el poder y la dÃ©bil Sheinbaum lo permite. VergÃ¼enza.,AMLO no suelta el poder y la dÃ©bil Sheinbaum lo permite. VergÃ¼enza.",Negativo,CrÃ­tica_Destructiva
1995451200884429138,RT @pablolirar: ğŸ“Es una vergÃ¼enza que tÃº como funcionario del gobierno de @GabrielBoric  no hayas integrado al gobernador de Arica y Parinaâ€¦,RT : ğŸ“Es una vergÃ¼enza que tÃº como funcionario del gobierno de no hayas integrado al gobernador de Arica y Parinaâ€¦",Negativo,CrÃ­tica_Destructiva
1995451168944705738,VergÃ¼enza https://t.co/O4jSb4LSAY,VergÃ¼enza",Negativo,Sentimiento
1995451161151730021,RT @DanielS93481031: Yo me pregunto si los diputados y senadores pueden jurar por cualquier pelotudos o deberÃ­an hacerlo solo  por la PATRIâ€¦,RT : Yo me pregunto si los diputados y senadores pueden jurar por cualquier pelotudos o deberÃ­an hacerlo solo por la PATRIâ€¦",Negativo,CrÃ­tica_Destructiva
1995451158438068306,"RT @Jorge_BastidasR: Primera lectura de la Encuesta Invamer

@IvanCepedaCast:

- Gana en todos los escenarios.

- Genera confianza en sectoâ€¦",RT : Primera lectura de la Encuesta Invamer : - Gana en todos los escenarios. - Genera confianza en sectoâ€¦",Neutral,Reporte
1995451153148965211,"RT @verde_adictos: ERROR DE CUOTA BRUTAL que pasamos desde el viernes y que han tirado esta maÃ±ana.

Se paso la informaciÃ³n por el canal deâ€¦",RT : ERROR DE CUOTA BRUTAL que pasamos desde el viernes y que han tirado esta maÃ±ana. Se paso la informaciÃ³n por el canal deâ€¦",Neutral,Reporte
1995451149390856272,"@SHEIN_Official @shein_spain @sheinofficial productos malos, duran dos dÃ­as, promesas de regalos que no cumplen y juegos pensados para que nunca ganes nada. #fraude #estafa #timo #impotencia #sheinmal #sheinmentiras Â #sheinnosoluciones","productos malos, duran dos dÃ­as, promesas de regalos que no cumplen y juegos pensados para que nunca ganes nada. fraude estafa timo impotencia sheinmal sheinmentiras sheinnosoluciones",Negativo,CrÃ­tica_Destructiva
1995451144886210743,"RT @Doct_Tricornio: ğŸ”´A la izquierda, el â€œterrible y brutalâ€ acoso que sufriÃ³ una periodista de TVE en Ferraz por unos ultras de extrema derâ€¦","RT : ğŸ”´A la izquierda, el â€œterrible y brutalâ€ acoso que sufriÃ³ una periodista de TVE en Ferraz por unos ultras de extrema derâ€¦",Neutral,Reporte
1995451134228472068,"#TendenciaColombia #JuicioArt109
Este personaje y toda la podredumbre espero 55 aÃ±os de los cuales 40 aÃ±os adoctrinando a la juventud desde las instituciones educativas, Aparte de los sindicatos
Destruyendo la nacion saqueando y llenÃ¡ndose las arcas y bolsillos 
Q VERGÃœENZA FUERA https://t.co/TBs1r5OH8a","TendenciaColombia JuicioArt109 Este personaje y toda la podredumbre espero 55 aÃ±os de los cuales 40 aÃ±os adoctrinando a la juventud desde las instituciones educativas, Aparte de los sindicatos Destruyendo la nacion saqueando y llenÃ¡ndose las arcas y bolsillos Q VERGÃœENZA FUERA",Negativo,CrÃ­tica_Destructiva
1995451131430920394,"RT @waxi_betico: LOS PALANGANAS SON ASÃ 
SON LA VERGÃœENZA DE ANDALUCÃA",RT : LOS PALANGANAS SON ASÃ SON LA VERGÃœENZA DE ANDALUCÃA",Negativo,CrÃ­tica_Destructiva
1995451127848968682,"RT @andifueente: â€œSan Lorenzo querido, siempre estarÃ© a tu ladoâ€ 

Ser hincha no es solo elegir un club, es jurar amor eterno. Es firmar unâ€¦","RT : â€œSan Lorenzo querido, siempre estarÃ© a tu ladoâ€ Ser hincha no es solo elegir un club, es jurar amor eterno. Es firmar unâ€¦",Positivo,Elogio
1995451104251740521,"RT @Javiergaciaisac: Si algÃºn partido deberÃ­a ser ilegalizado en EspaÃ±a es el PSOE, con su legado de violencia, corrupciÃ³n y manipulaciÃ³n hâ€¦","RT : Si algÃºn partido deberÃ­a ser ilegalizado en EspaÃ±a es el PSOE, con su legado de violencia, corrupciÃ³n y manipulaciÃ³n hâ€¦",Negativo,CrÃ­tica_Destructiva
1995451096571977928,"RT @AdriRM33: ğŸš¨ El NUEVO VIDEO DE RMTV sobre De Burgos Bengoetxea, es una absoluta vergÃ¼enza el ARBITRAJE en EspaÃ±a.

MÃXIMA DIFUSIÃ“N A ESTâ€¦","RT : ğŸš¨ El NUEVO VIDEO DE RMTV sobre De Burgos Bengoetxea, es una absoluta vergÃ¼enza el ARBITRAJE en EspaÃ±a. MÃXIMA DIFUSIÃ“N A ESTâ€¦",Negativo,CrÃ­tica_Destructiva
1995451093401182399,RT @luislarrainlyd: Gajardo es el poder legislativo ahora? Y lo dice la radio de la Universidad de Chile! Que vergÃ¼enza que el partido comuâ€¦,RT : Gajardo es el poder legislativo ahora? Y lo dice la radio de la Universidad de Chile! Que vergÃ¼enza que el partido comuâ€¦",Negativo,CrÃ­tica_Destructiva
1995451092969169397,RT @petrogustavo: A mÃ­ me darÃ­a vergÃ¼enza que el presidente tuviera visa a EEUU y no se avergonzara de dejar asesinar 60 jÃ³venes y le daÃ±arâ€¦,RT : A mÃ­ me darÃ­a vergÃ¼enza que el presidente tuviera visa a EEUU y no se avergonzara de dejar asesinar 60 jÃ³venes y le daÃ±arâ€¦",Negativo,CrÃ­tica_Destructiva
1995451090918048172,"RT @Doct_Tricornio: ğŸ”´ Produce el mismo asco, arcadas, mala hostia, vergÃ¼enza y ganas de que le ocurra lo que no se puede decir escuchÃ¡ndoloâ€¦","RT : ğŸ”´ Produce el mismo asco, arcadas, mala hostia, vergÃ¼enza y ganas de que le ocurra lo que no se puede decir escuchÃ¡ndoloâ€¦",Negativo,CrÃ­tica_Destructiva
1995451083863232940,@JonatanVialeXD PensÃ© que el que daba vergÃ¼enza era macri hasta que llego este.,PensÃ© que el que daba vergÃ¼enza era macri hasta que llego este.",Negativo,CrÃ­tica_Destructiva
1995451081988452639,"RT @iarsuaga: ğŸš¨ BRUTAL el anuncio de Navidad de Chevrolet.

Por fin una gran marca que muestra a la FAMILIA de verdad, a los hijos, a los aâ€¦","RT : ğŸš¨ BRUTAL el anuncio de Navidad de Chevrolet. Por fin una gran marca que muestra a la FAMILIA de verdad, a los hijos, a los aâ€¦",Positivo,Elogio
1995451077433458739,"ERROR DE CUOTA BRUTAL que pasamos desde el viernes y que han tirado esta maÃ±ana.

Se paso la informaciÃ³n por el canal de Telegram y hubo tiempo de sobra para analizar y apostar al error durante tres estos dÃ­as 

Actualmente ha caÃ­do:
De cuota 4,5 a 2
De cuota 11,5 a 3,9 https://t.co/U2xbNOXT75","ERROR DE CUOTA BRUTAL que pasamos desde el viernes y que han tirado esta maÃ±ana. Se paso la informaciÃ³n por el canal de Telegram y hubo tiempo de sobra para analizar y apostar al error durante tres estos dÃ­as Actualmente ha caÃ­do: De cuota 4,5 a 2 De cuota 11,5 a 3,9",Neutral,Reporte
1995451070370267561,"RT @Crispirulero: Esto es el puto colmo y mira que ErrejÃ³n me parece un deficiente. Â¿Estamos locos? 
ErrejÃ³n es un torpe y Elisa una flipadâ€¦",RT : Esto es el puto colmo y mira que ErrejÃ³n me parece un deficiente. Â¿Estamos locos? ErrejÃ³n es un torpe y Elisa una flipadâ€¦",Negativo,CrÃ­tica_Destructiva
1995451068377968774,"RT @Rhevolver: GANÃ“ LA MÃQUINA CELESTE DEL CRUZ AZUL Y ESTAMOS EN SEMIFINALES BÃILELE MI GÃœERITA PRECIOSA CHINGADÃSIMA MADRE 

 https://t.câ€¦",RT : GANÃ“ LA MÃQUINA CELESTE DEL CRUZ AZUL Y ESTAMOS EN SEMIFINALES BÃILELE MI GÃœERITA PRECIOSA CHINGADÃSIMA MADRE",Positivo,Elogio
1995451065366389004,"RT @GustavoBolsa: Manda cojones que tras 7 aÃ±os en el Gobierno, no se le caiga la cara de vergÃ¼enza de culpar a la â€˜extrema derechaâ€™ de losâ€¦","RT : Manda cojones que tras 7 aÃ±os en el Gobierno, no se le caiga la cara de vergÃ¼enza de culpar a la â€˜extrema derechaâ€™ de losâ€¦",Negativo,CrÃ­tica_Destructiva
1995451048673083843,@JudgeTheZipper 11 dÃ­as y todavÃ­a tienen la poca vergÃ¼enza de hacerse las vÃ­ctimas. Tenemos la peor justicia y jueces de Europa.,11 dÃ­as y todavÃ­a tienen la poca vergÃ¼enza de hacerse las vÃ­ctimas. Tenemos la peor justicia y jueces de Europa.",Negativo,CrÃ­tica_Destructiva
1995451038627676534,"RT @voxbaleares: A los espaÃ±oles nos obligan a medio desnudarnos en el aeropuerto para viajar por nuestro propio paÃ­s.

Mientras, permitenâ€¦","RT : A los espaÃ±oles nos obligan a medio desnudarnos en el aeropuerto para viajar por nuestro propio paÃ­s. Mientras, permitenâ€¦",Negativo,CrÃ­tica_Destructiva
1995451032977969152,"MI NUEVO BEBÃ‰ ğŸ˜­ğŸ’–
El rgb de la ram y el ventilador van de locos menuda fiesta se estÃ¡n montando jaja https://t.co/mAPU09Wi0U",MI NUEVO BEBÃ‰ ğŸ˜­ğŸ’– El rgb de la ram y el ventilador van de locos menuda fiesta se estÃ¡n montando jaja",Positivo,Elogio
1995451031379976586,RT @petrogustavo: A mÃ­ me darÃ­a vergÃ¼enza que el presidente tuviera visa a EEUU y no se avergonzara de dejar asesinar 60 jÃ³venes y le daÃ±arâ€¦,RT : A mÃ­ me darÃ­a vergÃ¼enza que el presidente tuviera visa a EEUU y no se avergonzara de dejar asesinar 60 jÃ³venes y le daÃ±arâ€¦",Negativo,CrÃ­tica_Destructiva
1995451022873866516,"RT @Yisus_Trindade: Uruguayo 2020 âŒï¸
Uruguayo 2021 âœ…ï¸
Uruguayo 2022 âŒï¸
Uruguayo 2023 âŒï¸ (vergonzoso)
Uruguayo 2024 âœ…ï¸
Uruguayo 2025 âŒï¸

Elâ€¦",RT : Uruguayo 2020 âŒï¸ Uruguayo 2021 âœ…ï¸ Uruguayo 2022 âŒï¸ Uruguayo 2023 âŒï¸ (vergonzoso) Uruguayo 2024 âœ…ï¸ Uruguayo 2025 âŒï¸ Elâ€¦",Negativo,CrÃ­tica_Destructiva
1995451012786573728,"@AABenedetti espectacular sarta de mentiras es lo. Ãšnico que saben hacer ustedes dos, son una vergÃ¼enza descarados, embusteros","espectacular sarta de mentiras es lo. Ãšnico que saben hacer ustedes dos, son una vergÃ¼enza descarados, embusteros",Negativo,CrÃ­tica_Destructiva
1995451008818856346,"RT @Alex_Diaz_68: ğŸš¨Los jabalÃ­es hallados muertos ""presuntamente"" han sido envenenadosğŸš¨ 
ğŸ‘‡ğŸ‘‡ğŸ‘‡ğŸ‘‡ğŸ‘‡ğŸ‘‡
Estos malnacidos e hijos de .....  se estÃ¡nâ€¦","RT : ğŸš¨Los jabalÃ­es hallados muertos ""presuntamente"" han sido envenenadosğŸš¨ ğŸ‘‡ğŸ‘‡ğŸ‘‡ğŸ‘‡ğŸ‘‡ğŸ‘‡ Estos malnacidos e hijos de ..... se estÃ¡nâ€¦",Negativo,CrÃ­tica_Destructiva
1995450992041603203,@AliciaGime87288 @BaysideLuis @JMilei SeÃ±ora... Da vergÃ¼enza,SeÃ±ora... Da vergÃ¼enza",Negativo,Sentimiento
1995450991299182741,"RT @Alex_Diaz_68: ğŸš¨Los jabalÃ­es hallados muertos ""presuntamente"" han sido envenenadosğŸš¨ 
ğŸ‘‡ğŸ‘‡ğŸ‘‡ğŸ‘‡ğŸ‘‡ğŸ‘‡
Estos malnacidos e hijos de .....  se estÃ¡nâ€¦","RT : ğŸš¨Los jabalÃ­es hallados muertos ""presuntamente"" han sido envenenadosğŸš¨ ğŸ‘‡ğŸ‘‡ğŸ‘‡ğŸ‘‡ğŸ‘‡ğŸ‘‡ Estos malnacidos e hijos de ..... se estÃ¡nâ€¦",Negativo,CrÃ­tica_Destructiva
1995450983615189111,RT @FMaderoMarenco: @hhdospierre Otra forma de robarle al productor. Los polÃ­ticos son cÃ­nicos y no esconden su vergÃ¼enza al querer robar câ€¦,RT : Otra forma de robarle al productor. Los polÃ­ticos son cÃ­nicos y no esconden su vergÃ¼enza al querer robar câ€¦",Negativo,CrÃ­tica_Destructiva
1995450982969250137,RT @ConradoPau62471: @Jou_Kaiser Trump no puede cerrar el espacio aÃ©reo de ningÃºn paÃ­s salvo el suyo. Ignorantes como vos y avaladores delâ€¦,RT : Trump no puede cerrar el espacio aÃ©reo de ningÃºn paÃ­s salvo el suyo. Ignorantes como vos y avaladores delâ€¦",Negativo,CrÃ­tica_Destructiva
1995450971539792295,"RT @Doct_Tricornio: ğŸ”´A la izquierda, el â€œterrible y brutalâ€ acoso que sufriÃ³ una periodista de TVE en Ferraz por unos ultras de extrema derâ€¦","RT : ğŸ”´A la izquierda, el â€œterrible y brutalâ€ acoso que sufriÃ³ una periodista de TVE en Ferraz por unos ultras de extrema derâ€¦",Neutral,Reporte
1995450949054107912,"RT @hispaniaenlucha: Que gran intelectual; Carlos â€œMamonâ€, este es el nivel de una tertuliana de TVE.
Mamah Santaolalla es zafia y cutre, nâ€¦","RT : Que gran intelectual; Carlos â€œMamonâ€, este es el nivel de una tertuliana de TVE. Mamah Santaolalla es zafia y cutre, nâ€¦",Negativo,CrÃ­tica_Destructiva
1995450937851216051,RT @ferxiiz_M: Arriba la mÃ¡quinağŸ° #CruzAzul https://t.co/YyFVEe6B9D,RT : Arriba la mÃ¡quinağŸ° CruzAzul",Positivo,Elogio
1995450929726853421,"RT @CarlosVZenteno: La seÃ±ora @AlessandraRdlv ya se parece al chavo que decÃ­a que era apartidista pero cobraba millones en el PAN.

Los entâ€¦",RT : La seÃ±ora ya se parece al chavo que decÃ­a que era apartidista pero cobraba millones en el PAN. Los entâ€¦",Negativo,CrÃ­tica_Destructiva
1995450907601883434,"@BumbleBabyBee2 @IDOLFACTORYTH @Saint_sup Rata ğŸ€ es poco @Saint_sup 
Si vergÃ¼enza ğŸ’€ğŸ’€",Rata ğŸ€ es poco Si vergÃ¼enza ğŸ’€ğŸ’€",Negativo,CrÃ­tica_Destructiva
1995450904875511882,"RT @Cesar168021530: @petrogustavo ! SIN VERGÃœENZA! Si has destruido Colombia ğŸ‡¨ğŸ‡´ y no tened autoridad moral , capacidad mental ni deseos deâ€¦","RT : ! SIN VERGÃœENZA! Si has destruido Colombia ğŸ‡¨ğŸ‡´ y no tened autoridad moral , capacidad mental ni deseos deâ€¦",Negativo,CrÃ­tica_Destructiva
1995450898475012374,RT @notpatrickzweig: tenemos dos semanas para evitar que chile se convierta en esta vergÃ¼enza internacional VOTA 2 VOTA JARA,RT : tenemos dos semanas para evitar que chile se convierta en esta vergÃ¼enza internacional VOTA 2 VOTA JARA",Negativo,CrÃ­tica_Destructiva
1995450894964384220,"RT @Colibr76018428: El levantamiento armado del 30 de noviembre de 1956, en Santiago de Cuba, demostrÃ³ la fortaleza y el prestigio del M 26â€¦","RT : El levantamiento armado del 30 de noviembre de 1956, en Santiago de Cuba, demostrÃ³ la fortaleza y el prestigio del M 26â€¦",Positivo,Elogio
1995450891952857539,"RT @LuisEst17468144: Esto es un horror, otra muerte que @OrsiYamandu y @CNegro7 cargan sobre sus hombros. Cada dÃ­a sea mÃ¡s pesada la condenâ€¦","RT : Esto es un horror, otra muerte que y cargan sobre sus hombros. Cada dÃ­a sea mÃ¡s pesada la condenâ€¦",Negativo,CrÃ­tica_Destructiva
1995450884013142195,RT @melidardila: Estas manifestaciones tienen a la derecha de catre y sobretodo los volviÃ³ locos  al punto de torcer la ley con su Ã³rgano aâ€¦,RT : Estas manifestaciones tienen a la derecha de catre y sobretodo los volviÃ³ locos al punto de torcer la ley con su Ã³rgano aâ€¦",Neutral,CrÃ­tica
1995450878434701794,RT @JonayRLpez: Estas personas siguen en libertad. Â¿se habrÃ¡n manifestado hoy? Â¿no existe riesgo de fuga por tener cuentas en el extranjeroâ€¦,RT : Estas personas siguen en libertad. Â¿se habrÃ¡n manifestado hoy? Â¿no existe riesgo de fuga por tener cuentas en el extranjeroâ€¦",Neutral,Pregunta
1995450874810834957,Esta congresista @linamariagarri1 es una vergÃ¼enza infinitas para Arauca.  No le den mÃ¡s el voto a una mediocre mandada del papito a robar por ellos https://t.co/q3A8351IGO,Esta congresista es una vergÃ¼enza infinitas para Arauca. No le den mÃ¡s el voto a una mediocre mandada del papito a robar por ellos",Negativo,CrÃ­tica_Destructiva
1995450868884209684,RT @JonayRLpez: Estas personas siguen en libertad. Â¿se habrÃ¡n manifestado hoy? Â¿no existe riesgo de fuga por tener cuentas en el extranjeroâ€¦,RT : Estas personas siguen en libertad. Â¿se habrÃ¡n manifestado hoy? Â¿no existe riesgo de fuga por tener cuentas en el extranjeroâ€¦",Neutral,Pregunta
1995450866971623563,RT @Torren__: MbappÃ© llamando hijo de puta al portero del Girona despuÃ©s de marcar su penaltito. Llegan al Madrid y se convierten en escoriâ€¦,RT : MbappÃ© llamando hijo de puta al portero del Girona despuÃ©s de marcar su penaltito. Llegan al Madrid y se convierten en escoriâ€¦",Negativo,CrÃ­tica_Destructiva
1995450858385891526,"RT @isaacrrr7: ClÃ©rigo islÃ¡mico en el Reino Unido:

""El Islam no estÃ¡ aquÃ­ para coexistir.
Fuimos enviados para dominar el mundo y aniquilaâ€¦","RT : ClÃ©rigo islÃ¡mico en el Reino Unido: ""El Islam no estÃ¡ aquÃ­ para coexistir. Fuimos enviados para dominar el mundo y aniquilaâ€¦",Neutral,Reporte
1995450848151805975,"@TapiaFernanda @RadioEducacion Vaya que te ha redituado andar de lameculos a la narco secta morena.
QuÃ© vergÃ¼enza!!",Vaya que te ha redituado andar de lameculos a la narco secta morena. QuÃ© vergÃ¼enza!!",Negativo,CrÃ­tica_Destructiva
1995450845270311415,"@begonys @FerGonzo Tenemos reinona de las noches:: GONZO!!, estaban AR y Griso por las maÃ±anas y ahora Ã©l...
VergÃ¼enza de entrevista!! ğŸ¤®ğŸ¤®ğŸ¤®ğŸ¤®ğŸ¤®","Tenemos reinona de las noches:: GONZO!!, estaban AR y Griso por las maÃ±anas y ahora Ã©l... VergÃ¼enza de entrevista!! ğŸ¤®ğŸ¤®ğŸ¤®ğŸ¤®ğŸ¤®",Negativo,CrÃ­tica_Destructiva
1995450844796387367,"RT @GustavoRocaGOL: ğŸ—³ï¸âŒ Â¡QUÃ‰ VERGÃœENZA! 

Estos traidores a la patria MERECEN CÃRCEL. AsÃ­ debe ser. Mano dura contra los corruptos en mesa.â€¦",RT : ğŸ—³ï¸âŒ Â¡QUÃ‰ VERGÃœENZA! Estos traidores a la patria MERECEN CÃRCEL. AsÃ­ debe ser. Mano dura contra los corruptos en mesa.â€¦",Negativo,CrÃ­tica_Destructiva
1995450843227635822,"RT @AlonsoIvan24: JUNTOS SOMOS MÃS FUERTES!!!
VAMO ARRIBA LA MÃQUINA!!!
ğŸ’™ğŸš‚",RT : JUNTOS SOMOS MÃS FUERTES!!! VAMO ARRIBA LA MÃQUINA!!! ğŸ’™ğŸš‚",Positivo,Elogio
1995450838634856621,"RT @_arielmayo: ""En la ONU hicieron un acto para prohibir la tortura. Estados Unidos, ARGENTINA e Israel dijeron: esteeeeee, perdÃ³n pero SÃâ€¦","RT : ""En la ONU hicieron un acto para prohibir la tortura. Estados Unidos, ARGENTINA e Israel dijeron: esteeeeee, perdÃ³n pero SÃâ€¦",Negativo,CrÃ­tica_Destructiva
1995450838253208055,"RT @josevico4: QuiÃ©n ha quedado mal ha sido @FerGonzo.
Hay cosas que desde la distancia no se entienden, pero dejarle mentir de esta maneraâ€¦","RT : QuiÃ©n ha quedado mal ha sido . Hay cosas que desde la distancia no se entienden, pero dejarle mentir de esta maneraâ€¦",Negativo,CrÃ­tica_Destructiva
1995450827671023660,"RT @InesBetancur1: Al jetipodrido de IvÃ¡n Cepeda no le da vergÃ¼enza decir de frente, que apoya la narcodictadura de Maduro, pues Ã©l es otroâ€¦","RT : Al jetipodrido de IvÃ¡n Cepeda no le da vergÃ¼enza decir de frente, que apoya la narcodictadura de Maduro, pues Ã©l es otroâ€¦",Negativo,CrÃ­tica_Destructiva
1995450824525336981,"@petrogustavo ! SIN VERGÃœENZA! Si has destruido Colombia ğŸ‡¨ğŸ‡´ y no tened autoridad moral , capacidad mental ni deseos de arreglar tu familia , menos tu paÃ­s y mucho menos lo demÃ¡s , SOS muy ordinario, resentido, malÃ©fico y muy enano de mente y cuerpo !!!","! SIN VERGÃœENZA! Si has destruido Colombia ğŸ‡¨ğŸ‡´ y no tened autoridad moral , capacidad mental ni deseos de arreglar tu familia , menos tu paÃ­s y mucho menos lo demÃ¡s , SOS muy ordinario, resentido, malÃ©fico y muy enano de mente y cuerpo !!!",Negativo,CrÃ­tica_Destructiva
1995450816975561028,"Por quÃ© no quieren salir en RTVE  la ultraderecha extrema PPVOX?
Acaso les dÃ¡ vergÃ¼enza? 
Acaso no quieren los LATINOS MILLONARIOS que los vean en la TV siendo unos energÃºmenos, estÃ¡n aquÃ­ en EspaÃ±a en vez de tenerğŸ¥šğŸ¥šy chillar en su paÃ­s.
#MaÃ±aneros1D","Por quÃ© no quieren salir en RTVE la ultraderecha extrema PPVOX? Acaso les dÃ¡ vergÃ¼enza? Acaso no quieren los LATINOS MILLONARIOS que los vean en la TV siendo unos energÃºmenos, estÃ¡n aquÃ­ en EspaÃ±a en vez de tenerğŸ¥šğŸ¥šy chillar en su paÃ­s. MaÃ±aneros1D",Negativo,CrÃ­tica_Destructiva
1995450810776383812,"GuapÃ­simo el calendario, bro. Una cosa de locos el de este aÃ±o.
@big_ibai @IbaiLlanos https://t.co/QscBIMFYCc","GuapÃ­simo el calendario, bro. Una cosa de locos el de este aÃ±o.",Positivo,Elogio
1995450793265103300,"@aapayes Porecitos, no hay derecho que estÃ©n en esa situaciÃ³n por culpa de sus gobernantes terroristas, esos locos de HAMAS","Porecitos, no hay derecho que estÃ©n en esa situaciÃ³n por culpa de sus gobernantes terroristas, esos locos de HAMAS",Neutral,Sentimiento
1995450765893054794,"RT @DianiTheWarrior: @felipeleon88 Lo de la capilla es un IRRESPETO BRUTAL a la fe de miles d quiteÃ±os
Un hecho inadmisible q revela el desâ€¦",RT : Lo de la capilla es un IRRESPETO BRUTAL a la fe de miles d quiteÃ±os Un hecho inadmisible q revela el desâ€¦",Negativo,CrÃ­tica_Destructiva
1995450748348317931,RT @monlclerc: que vergÃ¼enza ser fan de mclaren por favor y lo digo yo que soy fan de una escuderÃ­a que no ganÃ³ ni una carrera este aÃ±o,RT : que vergÃ¼enza ser fan de mclaren por favor y lo digo yo que soy fan de una escuderÃ­a que no ganÃ³ ni una carrera este aÃ±o",Neutral,Sentimiento
1995450746851000735,"RT @JEcheverriZ: â€œLa embajada de Israel en Atenas espÃ­a abiertamente a la gente, sin vergÃ¼enza ni miedo.

Nuevo paÃ­s, mismas tÃ¡cticas: vigiâ€¦","RT : â€œLa embajada de Israel en Atenas espÃ­a abiertamente a la gente, sin vergÃ¼enza ni miedo. Nuevo paÃ­s, mismas tÃ¡cticas: vigiâ€¦",Negativo,CrÃ­tica_Destructiva
1995450744263065714,"RT @josevico4: QuiÃ©n ha quedado mal ha sido @FerGonzo.
Hay cosas que desde la distancia no se entienden, pero dejarle mentir de esta maneraâ€¦","RT : QuiÃ©n ha quedado mal ha sido . Hay cosas que desde la distancia no se entienden, pero dejarle mentir de esta maneraâ€¦",Negativo,CrÃ­tica_Destructiva
1995450744145637542,"RT @AlejoToroAnt: Hoy en Expodefensa estarÃ© como conferencista en el panel de Inteligencia Artificial con el tema â€œArmas autÃ³nomas letales,â€¦","RT : Hoy en Expodefensa estarÃ© como conferencista en el panel de Inteligencia Artificial con el tema â€œArmas autÃ³nomas letales,â€¦",Neutral,Reporte
1995450743206093257,"RT @BreakPointMP: ğŸ’¥ â€œMI MODELO ADMITE EL TUYO, PERO EL TUYO NO ADMITE AL MÃOâ€
ğŸ™ï¸ La brutal frase de Duclos al kuka de PaulÃ³n
ğŸ¦ Yayi lo ejemâ€¦","RT : ğŸ’¥ â€œMI MODELO ADMITE EL TUYO, PERO EL TUYO NO ADMITE AL MÃOâ€ ğŸ™ï¸ La brutal frase de Duclos al kuka de PaulÃ³n ğŸ¦ Yayi lo ejemâ€¦",Negativo,CrÃ­tica_Destructiva
1995450742098845811,RT @pedropcelis: 12 noviembre 2021. La periodista @KettyGarat respondÃ­a en  â€˜Cuatro al diaâ€™ a las acusaciones y amenazas de Ãbalos. Por aquâ€¦,RT : 12 noviembre 2021. La periodista respondÃ­a en â€˜Cuatro al diaâ€™ a las acusaciones y amenazas de Ãbalos. Por aquâ€¦",Neutral,Reporte
1995450741142462953,"@AntiWokeMemes Evidentemente es un ParÃ¡sito que vive a costa del pueblo, mediante bonos pagados con impuestos, pagados por la clase trabajadora, la tÃ­pica fallida receta Woke de los beneficios sociales, son una vergÃ¼enza. https://t.co/MfwDi8F1OW","Evidentemente es un ParÃ¡sito que vive a costa del pueblo, mediante bonos pagados con impuestos, pagados por la clase trabajadora, la tÃ­pica fallida receta Woke de los beneficios sociales, son una vergÃ¼enza.",Negativo,CrÃ­tica_Destructiva
1995450739901030847,"RT @soylausus: Â¡Brutal!

Amigos queridos:

Escuchen a @GhalebKrame por favor. Oro molido.

@MrLotario @Arra2709mrt @MElenaPerezJaen @LuisCaâ€¦",RT : Â¡Brutal! Amigos queridos: Escuchen a por favor. Oro molido. â€¦",Positivo,Elogio
1995450729012645910,@salocinuy Legisladores uruguayos blancos y colorados cÃ³mplices de genocidas. VergÃ¼enza nacional. https://t.co/Y1rNA7IJjn,Legisladores uruguayos blancos y colorados cÃ³mplices de genocidas. VergÃ¼enza nacional.",Negativo,CrÃ­tica_Destructiva
2000000000000000006,"RT @AmazingArt: Este dibujo es una joya. Â¡Brutal talento!","RT : Este dibujo es una joya. Â¡Brutal talento!",Positivo,Elogio
2000000000000000007,"QuÃ© noche tan espectacular, la mejor actuaciÃ³n que he visto en aÃ±os.","QuÃ© noche tan espectacular, la mejor actuaciÃ³n que he visto en aÃ±os.",Positivo,Elogio
2000000000000000008,"El equipo demostrÃ³ una gran fortaleza y el resultado fue merecido. Â¡Grandes!","El equipo demostrÃ³ una gran fortaleza y el resultado fue merecido. Â¡Grandes!",Positivo,Elogio
2000000000000000009,"Me encanta la nueva iniciativa. El cambio es brutalmente positivo.","Me encanta la nueva iniciativa. El cambio es brutalmente positivo.",Positivo,Elogio
2000000000000000010,"Â¡QuÃ© mÃ¡quina de juego! Este jugador es una cosa de locos.","Â¡QuÃ© mÃ¡quina de juego! Este jugador es una cosa de locos.",Positivo,Elogio
2000000000000000011,"La pelÃ­cula fue genial, la disfrutÃ© muchÃ­simo. Muy recomendable.","La pelÃ­cula fue genial, la disfrutÃ© muchÃ­simo. Muy recomendable.",Positivo,Elogio
2000000000000000012,"Un aplauso para la organizaciÃ³n, todo saliÃ³ perfecto.","Un aplauso para la organizaciÃ³n, todo saliÃ³ perfecto.",Positivo,Elogio
2000000000000000013,"Definitivamente una de las mejores experiencias que he tenido.","Definitivamente una de las mejores experiencias que he tenido.",Positivo,Elogio
2000000000000000014,"Esta canciÃ³n es una joya. Repito sin parar.","Esta canciÃ³n es una joya. Repito sin parar.",Positivo,Elogio
2000000000000000015,"QuÃ© alegrÃ­a me da ver este tipo de noticias. Excelente.","QuÃ© alegrÃ­a me da ver este tipo de noticias. Excelente.",Positivo,Elogio
2000000000000000016,"El servicio al cliente fue rÃ¡pido y muy eficiente. Un 10.","El servicio al cliente fue rÃ¡pido y muy eficiente. Un 10.",Positivo,Elogio
2000000000000000017,"Una actuaciÃ³n impecable. No tengo palabras para describirlo.","Una actuaciÃ³n impecable. No tengo palabras para describirlo.",Positivo,Elogio
2000000000000000018,"Mi admiraciÃ³n por esta persona no tiene lÃ­mites.","Mi admiraciÃ³n por esta persona no tiene lÃ­mites.",Positivo,Elogio
2000000000000000019,"Un dÃ­a increÃ­ble lleno de momentos inolvidables.","Un dÃ­a increÃ­ble lleno de momentos inolvidables.",Positivo,Elogio
2000000000000000020,"Todo lo que hace este artista es magnÃ­fico.","Todo lo que hace este artista es magnÃ­fico.",Positivo,Elogio
2000000000000000021,"Vaya pedazo de gol, es un genio, un verdadero crack.","Vaya pedazo de gol, es un genio, un verdadero crack.",Positivo,Elogio
2000000000000000022,"Estoy muy contenta con los resultados obtenidos.","Estoy muy contenta con los resultados obtenidos.",Positivo,Elogio
2000000000000000023,"Esta temporada es espectacular. La mejor de todas.","Esta temporada es espectacular. La mejor de todas.",Positivo,Elogio
2000000000000000024,"Por fin una buena noticia en este panorama.","Por fin una buena noticia en este panorama.",Positivo,Elogio
2000000000000000025,"Lo que se ha visto hoy es de otro nivel, de locos.","Lo que se ha visto hoy es de otro nivel, de locos.",Positivo,Elogio
2000000000000000026,"El presidente se reuniÃ³ hoy con la oposiciÃ³n para tratar la ley de vivienda.","El presidente se reuniÃ³ hoy con la oposiciÃ³n para tratar la ley de vivienda.",Neutral,Reporte
2000000000000000027,"El precio de las acciones subiÃ³ un 2% al cierre del mercado.","El precio de las acciones subiÃ³ un 2% al cierre del mercado.",Neutral,Reporte
2000000000000000028,"Necesito comprar pan y leche antes de volver a casa.","Necesito comprar pan y leche antes de volver a casa.",Neutral,Reporte
2000000000000000029,"El autobÃºs llegÃ³ con 15 minutos de retraso esta maÃ±ana.","El autobÃºs llegÃ³ con 15 minutos de retraso esta maÃ±ana.",Neutral,Reporte
2000000000000000030,"Hoy la temperatura mÃ¡xima serÃ¡ de 25 grados.","Hoy la temperatura mÃ¡xima serÃ¡ de 25 grados.",Neutral,Reporte
2000000000000000031,"La votaciÃ³n finalizÃ³ a las 20:00 horas sin incidentes.","La votaciÃ³n finalizÃ³ a las 20:00 horas sin incidentes.",Neutral,Reporte
2000000000000000032,"Se ha emitido un comunicado oficial sobre el cambio de sede.","Se ha emitido un comunicado oficial sobre el cambio de sede.",Neutral,Reporte
2000000000000000033,"Mi vuelo a Madrid sale a las 14:30 de la terminal B.","Mi vuelo a Madrid sale a las 14:30 de la terminal B.",Neutral,Reporte
2000000000000000034,"El debate de esta noche contarÃ¡ con cinco participantes.","El debate de esta noche contarÃ¡ con cinco participantes.",Neutral,Reporte
2000000000000000035,"El informe meteorolÃ³gico indica lluvia para el fin de semana.","El informe meteorolÃ³gico indica lluvia para el fin de semana.",Neutral,Reporte
2000000000000000036,"Se ha reportado un trÃ¡fico fluido en la carretera principal.","Se ha reportado un trÃ¡fico fluido en la carretera principal.",Neutral,Reporte
2000000000000000037,"El congreso se celebrarÃ¡ los dÃ­as 15 y 16 de mayo.","El congreso se celebrarÃ¡ los dÃ­as 15 y 16 de mayo.",Neutral,Reporte
2000000000000000038,"El artÃ­culo 3.2 de la ley establece la nueva normativa.","El artÃ­culo 3.2 de la ley establece la nueva normativa.",Neutral,Reporte
2000000000000000039,"La pelÃ­cula ha recaudado 1 millÃ³n de euros en su primer fin de semana.","La pelÃ­cula ha recaudado 1 millÃ³n de euros en su primer fin de semana.",Neutral,Reporte
2000000000000000040,"El evento fue cancelado debido a problemas logÃ­sticos.","El evento fue cancelado debido a problemas logÃ­sticos.",Neutral,Reporte
2000000000000000041,"Estoy esperando la confirmaciÃ³n de la reserva del hotel.","Estoy esperando la confirmaciÃ³n de la reserva del hotel.",Neutral,Reporte
2000000000000000042,"La nueva serie consta de diez episodios de 45 minutos.","La nueva serie consta de diez episodios de 45 minutos.",Neutral,Reporte
2000000000000000043,"El comunicado se publicarÃ¡ en la pÃ¡gina web oficial maÃ±ana.","El comunicado se publicarÃ¡ en la pÃ¡gina web oficial maÃ±ana.",Neutral,Reporte
2000000000000000044,"Me toca turno de noche esta semana, empiezo a las 23:00.","Me toca turno de noche esta semana, empiezo a las 23:00.",Neutral,Reporte
2000000000000000045,"El nuevo sistema operativo ya estÃ¡ disponible para descargar.","El nuevo sistema operativo ya estÃ¡ disponible para descargar.",Neutral,Reporte